EARLY_POWER_ESTIMATOR_FILE_FORMAT_VERSION,6
QUARTUS_II_VERSION,20.1.0 Build 711 06/05/2020 SJ Standard Edition
PROJECT,"Full_Model"
REVISION,"model_top"
PROJECT_FILE,"C:/Users/dnare/Downloads/Full_project/Full_project/Full_Model.qpf"
TIME,"Sat Jun 06 01:17:31 2026"
TIME_SECONDS,"1780733851"
FAMILY,"Cyclone V"
DEVICE,"5CSEMA5"
PACKAGE,"FBGA"
PART,"5CSEMA5F31C6"
POWER_USE_DEVICE_CHARACTERISTICS,"TYPICAL"
POWER_AUTO_COMPUTE_TJ,"ON"
POWER_TJ_VALUE,"25"
POWER_USE_CUSTOM_COOLING_SOLUTION,"OFF"
POWER_HPS_PROC_FREQ,"0.0"
MIN_JUNCTION_TEMPERATURE,"0"
MAX_JUNCTION_TEMPERATURE,"85"
POWER_PRESET_COOLING_SOLUTION,"23 MM HEAT SINK WITH 200 LFPM AIRFLOW"
POWER_BOARD_THERMAL_MODEL,"NONE (CONSERVATIVE)"
POWER_USE_TA_VALUE,"25.00"
POWER_BOARD_TEMPERATURE,"-1.00"
POWER_OJC_VALUE,"2.30"
POWER_OCS_VALUE,"0.10"
POWER_OSA_VALUE,"2.10"
POWER_OJB_VALUE,"-1.00"
VCCIO,,B2L,0.00,B1L,0.00,B0L,0.00,3A,2.50,3B,2.50,4A,2.50,5A,2.50,5B,2.50,6B,2.50,6A,2.50,7A,2.50,7B,2.50,7C,2.50,7D,2.50,8A,2.50,9A,0.00,
VCCPD,,B2L,0.00,B1L,0.00,B0L,0.00,3A,2.50,3B,2.50,4A,2.50,5A,2.50,5B,2.50,6B,2.50,6A,2.50,7A,2.50,7B,2.50,7C,2.50,7D,2.50,8A,2.50,9A,0.00,
VCCIO_HPS,,B2L,0.00,B1L,0.00,B0L,0.00,3A,0.00,3B,0.00,4A,0.00,5A,0.00,5B,0.00,6B,0.00,6A,0.00,7A,0.00,7B,0.00,7C,0.00,7D,0.00,8A,0.00,9A,0.00,
VCCPD_HPS,,B2L,0.00,B1L,0.00,B0L,0.00,3A,0.00,3B,0.00,4A,0.00,5A,0.00,5B,0.00,6B,0.00,6A,0.00,7A,0.00,7B,0.00,7C,0.00,7D,0.00,8A,0.00,9A,0.00,
RAIL_VOLTAGES,,VCC,1.100,VCCA_FPLL,2.500,VCCPGM,1.800,VCCBAT,1.200,VCCE_GXB,1.100,VCCL_GXB,1.100,VCCH_GXB,2.500,VCCAUX,2.500,VCC_HPS,1.100,VCCRSTCLK_HPS,1.800,VCCPLL_HPS,2.500,VCCAUX_SHARED,2.500,


BLOCK,M10K block,count,2,ram_mode,"ROM",ram_read_during_write,"new",ram_porta_fmax,"0",ram_porta_data_width,"10",ram_porta_addr_width,"10",ram_porta_depth,"1024",ram_porta_ena_static_prob,"1.000000",ram_porta_write_ena_static_prob,"0.000000",ram_porta_read_ena_static_prob,"1.000000",avg_ram_porta_output_toggle_ratio,"0.000000",ram_portb_fmax,"0",ram_portb_data_width,"0",ram_portb_addr_width,"0",ram_portb_ena_static_prob,"0.000000",ram_portb_write_ena_static_prob,"0.000000",ram_portb_read_ena_static_prob,"0.000000",avg_ram_portb_output_toggle_ratio,"0.000000"
BLOCK,M10K block,count,78,ram_mode,"Simple Dual Port",ram_read_during_write,"new",ram_porta_fmax,"0",ram_porta_data_width,"10",ram_porta_addr_width,"10",ram_porta_depth,"1024",ram_porta_ena_static_prob,"1.000000",ram_porta_write_ena_static_prob,"0.500000",ram_porta_read_ena_static_prob,"0.000000",avg_ram_porta_output_toggle_ratio,"0.000000",ram_portb_fmax,"0",ram_portb_data_width,"10",ram_portb_addr_width,"10",ram_portb_ena_static_prob,"1.000000",ram_portb_write_ena_static_prob,"0.000000",ram_portb_read_ena_static_prob,"1.000000",avg_ram_portb_output_toggle_ratio,"0.000000"
BLOCK,M10K block,count,2,ram_mode,"Simple Dual Port",ram_read_during_write,"new",ram_porta_fmax,"0",ram_porta_data_width,"5",ram_porta_addr_width,"11",ram_porta_depth,"2048",ram_porta_ena_static_prob,"1.000000",ram_porta_write_ena_static_prob,"0.500000",ram_porta_read_ena_static_prob,"0.000000",avg_ram_porta_output_toggle_ratio,"0.000000",ram_portb_fmax,"0",ram_portb_data_width,"5",ram_portb_addr_width,"11",ram_portb_ena_static_prob,"1.000000",ram_portb_write_ena_static_prob,"0.000000",ram_portb_read_ena_static_prob,"1.000000",avg_ram_portb_output_toggle_ratio,"0.000000"
BLOCK,M10K block,count,1,ram_mode,"Simple Dual Port",ram_read_during_write,"new",ram_porta_fmax,"0",ram_porta_data_width,"20",ram_porta_addr_width,"9",ram_porta_depth,"512",ram_porta_ena_static_prob,"0.500000",ram_porta_write_ena_static_prob,"0.500000",ram_porta_read_ena_static_prob,"0.000000",avg_ram_porta_output_toggle_ratio,"0.000000",ram_portb_fmax,"0",ram_portb_data_width,"20",ram_portb_addr_width,"9",ram_portb_ena_static_prob,"1.000000",ram_portb_write_ena_static_prob,"0.000000",ram_portb_read_ena_static_prob,"1.000000",avg_ram_portb_output_toggle_ratio,"0.000000"
BLOCK,M10K block,count,41,ram_mode,"ROM",ram_read_during_write,"new",ram_porta_fmax,"0",ram_porta_data_width,"5",ram_porta_addr_width,"11",ram_porta_depth,"2048",ram_porta_ena_static_prob,"0.975610",ram_porta_write_ena_static_prob,"0.000000",ram_porta_read_ena_static_prob,"1.000000",avg_ram_porta_output_toggle_ratio,"0.000000",ram_portb_fmax,"0",ram_portb_data_width,"0",ram_portb_addr_width,"0",ram_portb_ena_static_prob,"0.000000",ram_portb_write_ena_static_prob,"0.000000",ram_portb_read_ena_static_prob,"0.000000",avg_ram_portb_output_toggle_ratio,"0.000000"
BLOCK,M10K block,count,56,ram_mode,"ROM",ram_read_during_write,"new",ram_porta_fmax,"0",ram_porta_data_width,"1",ram_porta_addr_width,"13",ram_porta_depth,"8192",ram_porta_ena_static_prob,"0.500000",ram_porta_write_ena_static_prob,"0.000000",ram_porta_read_ena_static_prob,"1.000000",avg_ram_porta_output_toggle_ratio,"0.000000",ram_portb_fmax,"0",ram_portb_data_width,"0",ram_portb_addr_width,"0",ram_portb_ena_static_prob,"0.000000",ram_portb_write_ena_static_prob,"0.000000",ram_portb_read_ena_static_prob,"0.000000",avg_ram_portb_output_toggle_ratio,"0.000000"
BLOCK,DSP block,count,26,avg_toggle_rate,"1.000000",avg_toggle_rate_ratio,"0.000000",avg_fanout,"1.000000",fmax,"0",dsp_mode,"9X9",input_reg_used,"1",output_reg_used,"0",coef_used,"0",preadder_used,"0",chainout_used,"0"
BLOCK,DSP block,count,3,avg_toggle_rate,"1.000000",avg_toggle_rate_ratio,"0.000000",avg_fanout,"74.000000",fmax,"0",dsp_mode,"18X18+36",input_reg_used,"1",output_reg_used,"0",coef_used,"0",preadder_used,"0",chainout_used,"0"
BLOCK,Combinational cell,count,9419,avg_toggle_rate,"0.998760",avg_toggle_rate_ratio,"0.000000",avg_fanout,"2.821212",fmax,"0"
BLOCK,Clock enable block,count,1,avg_toggle_rate,"0.000000",avg_toggle_rate_ratio,"0.000000",avg_fanout,"21018.000000",fmax,"0",global_type,"GCLK",global_clk_ena_static_prob,"1",global_type_usage,"Clock",num_raw_fanout,"21018",num_lc_comb_fanout,"0",num_lc_ff_fanout,"20786",sum_lc_ff_clkena_static_prob,"14720",avg_lc_ff_clk_ena_static_prob,"0.708169",num_pin_fanout,"0",num_m512_fanout,"0",num_m9k_fanout,"181",num_m144k_fanout,"0",num_mlab_fanout,"0",num_dsp_fanout,"0",num_dsp9x9_fanout,"0",num_misc_fanout,"51"
BLOCK,Register cell,count,20786,avg_toggle_rate,"0.999567",avg_toggle_rate_ratio,"0.000000",avg_fanout,"2.086452",fmax,"0"
BLOCK,I/O pad,count,11,avg_toggle_rate,"1.000000",avg_toggle_rate_ratio,"0.000000",avg_fanout,"0.000000",fmax,"0",io_mode,"OUTPUT_PIN",output_load,"0",io_standard,"2_5",drive_strength,"DEFAULT",is_ddr,"0",input_termination,"OFF",output_termination,"SERIES_50_OHMS_WITHOUT_CALIBRATION",output_termination_sp,"0",output_ena_static_prob,"1",vod,"-1",slew_rate,"1"
BLOCK,I/O pad,count,3,avg_toggle_rate,"0.333333",avg_toggle_rate_ratio,"0.000000",avg_fanout,"1.000000",fmax,"0",io_mode,"INPUT_PIN",output_load,"0",io_standard,"2_5",drive_strength,"DEFAULT",is_ddr,"0",input_termination,"OFF",output_termination,"OFF",output_termination_sp,"0",output_ena_static_prob,"0",vod,"-1",slew_rate,"-1"
